model,Accuracy,F1,AUC
RandomForest (tuned),0.736318407960199,0.7511737089201878,0.7947029702970296
XGBoost (tuned),0.7213930348258707,0.7431192660550459,0.7829207920792078
GradientBoosting (tuned),0.7114427860696517,0.7339449541284404,0.771980198019802
LightGBM (tuned),0.6865671641791045,0.7069767441860465,0.7627227722772277
LogisticRegression (tuned),0.4975124378109453,0.6644518272425249,0.46257425742574254
